{
  "trailhead": "https://www.salesforce.com/trailblazer/jramis4",
  "linkedln": "https://www.linkedin.com/in/jaimeramisbarber/",
  "github": "https://github.com/jaimeramis",

  "mahou": "https://www.mahou.es/",
  "gl": "https://5050gl.netlify.app/",
  "neom": "https://neomform02.netlify.app/",
  "cerave": "https://mrm-cerave.netlify.app/",
  "caprabo": "https://mrm-caprabo-gimnastas.netlify.app/es/",
  "hematohub": "https://mrm-hematohub.netlify.app/",
  "fashion": "https://mrm-sanofi-fashioncramps.netlify.app/",
  "player": "https://mrm-sanofi-readyplayermom.netlify.app",
  "loreal": "https://mrm-loreal.netlify.app/",
  "iberia": "/images/pdfs/iberia.pdf",
  "santander": "/images/pdfs/santander.pdf",
  "mastercard": "/images/pdfs/mastercard.pdf",
  "portAventura": "/images/pdfs/portaventura.pdf",

  "End": ""
}
